transaction_id,session_id,order_date,gross_revenue,discount_amount,net_revenue,items_count,had_bundle
TXN_00001,4,2024-01-09,126.48,0.0,126.48,2,No
TXN_00002,6,2024-03-10,349.22,0.0,349.22,1,Yes
TXN_00003,8,2024-01-04,384.22,38.42,345.8,4,Yes
TXN_00004,10,2024-04-23,67.36,10.1,57.26,4,No
TXN_00005,14,2024-12-19,91.82,0.0,91.82,3,No
TXN_00006,18,2024-10-11,299.95,49.99,249.96,5,Yes
TXN_00007,27,2024-03-11,285.25,0.0,285.25,2,Yes
TXN_00008,31,2024-05-07,80.73,0.0,80.73,3,No
TXN_00009,39,2024-04-21,198.76,0.0,198.76,3,No
TXN_00010,44,2024-09-06,100.44,13.39,87.05,5,Yes
TXN_00011,49,2024-10-31,249.18,0.0,249.18,5,No
TXN_00012,66,2024-11-20,275.52,41.33,234.19,1,No
TXN_00013,68,2024-07-14,65.89,6.59,59.3,5,No
TXN_00014,69,2024-01-28,352.78,0.0,352.78,2,Yes
TXN_00015,71,2024-09-25,167.75,25.16,142.59,1,No
TXN_00016,75,2024-10-16,291.08,38.81,252.27,5,Yes
TXN_00017,80,2024-04-23,100.05,0.0,100.05,4,No
TXN_00018,97,2024-02-12,228.32,0.0,228.32,1,No
TXN_00019,99,2024-10-19,78.91,15.78,63.129999999999995,1,No
TXN_00020,108,2024-12-23,166.43,0.0,166.43,2,Yes
TXN_00021,112,2024-10-13,242.99,16.2,226.79,5,Yes
TXN_00022,117,2024-10-19,73.69,18.42,55.269999999999996,2,No
TXN_00023,118,2024-04-10,140.25,9.35,130.9,5,Yes
TXN_00024,119,2024-10-14,85.16,8.52,76.64,2,Yes
TXN_00025,122,2024-05-06,190.42,38.08,152.33999999999997,2,No
TXN_00026,126,2024-08-08,282.08,0.0,282.08,3,Yes
TXN_00027,132,2024-12-09,257.27,0.0,257.27,2,No
TXN_00028,143,2024-06-05,71.58,7.16,64.42,4,No
TXN_00029,145,2024-06-28,92.61,0.0,92.61,1,No
TXN_00030,147,2024-08-14,210.62,14.04,196.58,5,Yes
TXN_00031,149,2024-03-15,320.97,53.49,267.48,5,Yes
TXN_00032,156,2024-03-20,208.05,0.0,208.05,5,No
TXN_00033,161,2024-11-13,191.21,47.8,143.41000000000003,4,No
TXN_00034,162,2024-03-16,155.97,0.0,155.97,5,Yes
TXN_00035,164,2024-01-08,170.28,28.38,141.9,2,Yes
TXN_00036,166,2024-12-21,215.7,0.0,215.7,5,No
TXN_00037,168,2024-06-05,70.62,4.71,65.91,4,Yes
TXN_00038,175,2024-04-18,396.69,0.0,396.69,3,Yes
TXN_00039,176,2024-04-14,156.85,20.91,135.94,2,Yes
TXN_00040,178,2024-09-24,83.17,20.79,62.38,2,No
TXN_00041,183,2024-03-13,99.21,19.84,79.36999999999999,4,No
TXN_00042,188,2024-07-11,277.31,0.0,277.31,5,No
TXN_00043,190,2024-12-05,136.56,0.0,136.56,4,No
TXN_00044,191,2024-09-26,93.06,0.0,93.06,2,No
TXN_00045,193,2024-05-10,123.18,0.0,123.18,2,No
TXN_00046,194,2024-03-28,228.6,15.24,213.36,5,Yes
TXN_00047,199,2024-11-12,246.83,24.68,222.15,4,No
TXN_00048,201,2024-01-28,258.06,64.52,193.54000000000002,5,No
TXN_00049,202,2024-08-26,221.81,0.0,221.81,3,No
TXN_00050,214,2024-05-29,211.82,42.36,169.45999999999998,5,No
TXN_00051,215,2024-11-28,84.01,16.8,67.21000000000001,3,No
TXN_00052,216,2024-07-16,180.4,36.08,144.32,4,No
TXN_00053,218,2024-07-13,419.72,0.0,419.72,3,Yes
TXN_00054,219,2024-09-17,332.38,0.0,332.38,2,Yes
TXN_00055,221,2024-02-20,175.01,26.25,148.76,5,No
TXN_00056,223,2024-09-05,351.52,23.44,328.08,1,Yes
TXN_00057,224,2024-11-01,199.56,0.0,199.56,5,No
TXN_00058,225,2024-09-29,240.83,24.08,216.75,4,No
TXN_00059,228,2024-04-11,185.3,0.0,185.3,4,No
TXN_00060,232,2024-12-30,297.63,0.0,297.63,5,Yes
TXN_00061,238,2024-06-19,153.45,23.02,130.42999999999998,1,No
TXN_00062,245,2024-06-29,121.12,20.19,100.93,2,Yes
TXN_00063,247,2024-11-16,56.09,14.02,42.07000000000001,4,No
TXN_00064,248,2024-06-03,113.69,0.0,113.69,2,No
TXN_00065,250,2024-09-13,168.9,25.34,143.56,2,No
TXN_00066,253,2024-11-16,141.13,0.0,141.13,4,No
TXN_00067,254,2024-05-11,53.89,0.0,53.89,5,No
TXN_00068,255,2024-07-17,46.89,0.0,46.89,5,No
TXN_00069,256,2024-01-16,227.7,34.15,193.54999999999998,1,No
TXN_00070,273,2024-08-01,198.34,29.75,168.59,5,No
TXN_00071,281,2024-08-17,143.13,0.0,143.13,3,No
TXN_00072,282,2024-10-04,115.44,0.0,115.44,2,No
TXN_00073,283,2024-03-08,211.7,21.17,190.52999999999997,1,No
TXN_00074,291,2024-03-11,266.9,53.38,213.51999999999998,2,No
TXN_00075,293,2024-12-18,173.1,0.0,173.1,2,No
TXN_00076,294,2024-12-27,178.14,0.0,178.14,5,No
TXN_00077,296,2024-03-10,257.34,38.6,218.73999999999998,5,No
TXN_00078,299,2024-12-01,224.82,33.72,191.1,4,No
TXN_00079,301,2024-03-21,152.63,15.26,137.37,4,No
TXN_00080,320,2024-02-24,287.49,0.0,287.49,3,Yes
TXN_00081,321,2024-03-08,237.52,0.0,237.52,5,No
TXN_00082,324,2024-11-09,252.35,0.0,252.35,3,No
TXN_00083,328,2024-10-17,186.13,46.53,139.6,1,No
TXN_00084,329,2024-11-09,59.29,0.0,59.29,3,No
TXN_00085,332,2024-04-28,77.81,0.0,77.81,4,No
TXN_00086,335,2024-01-14,296.16,29.62,266.54,3,Yes
TXN_00087,340,2024-03-09,127.39,12.74,114.65,5,No
TXN_00088,343,2024-08-28,106.66,16.0,90.66,3,No
TXN_00089,351,2024-03-11,298.41,39.79,258.62,5,Yes
TXN_00090,352,2024-03-24,252.28,0.0,252.28,3,No
TXN_00091,353,2024-04-08,189.03,37.81,151.22,5,No
TXN_00092,354,2024-04-25,254.84,0.0,254.84,1,No
TXN_00093,358,2024-05-18,242.13,0.0,242.13,3,No
TXN_00094,360,2024-04-23,81.29,12.19,69.10000000000001,5,No
TXN_00095,383,2024-10-01,258.69,0.0,258.69,5,No
TXN_00096,389,2024-02-25,150.38,0.0,150.38,4,No
TXN_00097,392,2024-01-22,221.05,22.11,198.94,1,No
TXN_00098,401,2024-11-18,56.35,11.27,45.08,2,No
TXN_00099,406,2024-07-22,54.46,5.45,49.01,3,No
TXN_00100,409,2024-08-24,102.94,0.0,102.94,4,Yes
TXN_00101,410,2024-03-26,265.56,39.83,225.73000000000002,2,No
TXN_00102,411,2024-08-04,63.08,12.62,50.46,2,No
TXN_00103,416,2024-09-21,179.75,0.0,179.75,1,No
TXN_00104,428,2024-03-10,209.24,0.0,209.24,2,Yes
TXN_00105,431,2024-06-14,290.04,0.0,290.04,3,Yes
TXN_00106,435,2024-08-20,270.67,0.0,270.67,2,No
TXN_00107,440,2024-02-16,168.0,42.0,126.0,1,No
TXN_00108,442,2024-06-14,217.55,0.0,217.55,5,Yes
TXN_00109,454,2024-02-13,175.26,0.0,175.26,3,Yes
TXN_00110,460,2024-03-22,150.57,22.59,127.97999999999999,3,No
TXN_00111,465,2024-03-28,105.18,7.01,98.17,4,Yes
TXN_00112,466,2024-06-20,70.33,10.55,59.78,2,No
TXN_00113,468,2024-12-03,388.14,0.0,388.14,2,Yes
TXN_00114,471,2024-03-15,92.5,23.12,69.38,1,No
TXN_00115,473,2024-12-30,402.94,0.0,402.94,1,Yes
TXN_00116,478,2024-08-16,412.06,0.0,412.06,5,Yes
TXN_00117,483,2024-03-08,260.87,39.13,221.74,4,No
TXN_00118,488,2024-01-07,54.91,5.49,49.419999999999995,4,No
TXN_00119,491,2024-09-12,239.52,0.0,239.52,5,Yes
TXN_00120,500,2024-08-31,70.81,4.72,66.09,3,Yes
TXN_00121,505,2024-11-03,95.87,23.97,71.9,2,No
TXN_00122,508,2024-05-05,242.44,0.0,242.44,2,No
TXN_00123,518,2024-01-29,131.84,21.97,109.87,1,Yes
TXN_00124,536,2024-05-25,252.02,0.0,252.02,2,No
TXN_00125,542,2024-10-20,225.82,0.0,225.82,5,No
TXN_00126,543,2024-10-14,143.61,0.0,143.61,3,No
TXN_00127,546,2024-10-23,63.43,0.0,63.43,3,No
TXN_00128,549,2024-02-17,238.17,23.82,214.35,1,Yes
TXN_00129,556,2024-10-08,111.28,27.82,83.46000000000001,4,No
TXN_00130,557,2024-02-03,112.29,0.0,112.29,5,No
TXN_00131,560,2024-03-09,259.35,38.9,220.45000000000002,3,No
TXN_00132,561,2024-03-03,162.18,16.22,145.96,4,No
TXN_00133,570,2024-04-17,235.54,58.88,176.66,3,No
TXN_00134,571,2024-11-09,252.94,0.0,252.94,5,No
TXN_00135,573,2024-02-25,262.69,0.0,262.69,1,Yes
TXN_00136,576,2024-09-27,179.89,0.0,179.89,3,No
TXN_00137,577,2024-02-14,103.58,20.72,82.86,3,No
TXN_00138,582,2024-05-27,138.05,23.01,115.04,4,Yes
TXN_00139,585,2024-06-11,108.6,27.15,81.44999999999999,4,No
TXN_00140,589,2024-11-15,375.44,0.0,375.44,2,Yes
TXN_00141,600,2024-11-08,263.98,26.4,237.58,4,No
TXN_00142,602,2024-12-28,97.35,12.98,84.37,2,Yes
TXN_00143,603,2024-05-28,257.52,51.5,206.01999999999998,5,No
TXN_00144,610,2024-03-01,378.45,0.0,378.45,3,Yes
TXN_00145,611,2024-04-16,55.63,5.56,50.07,1,No
TXN_00146,617,2024-06-28,228.48,45.7,182.77999999999997,1,No
TXN_00147,630,2024-09-16,106.73,0.0,106.73,3,No
TXN_00148,632,2024-06-14,52.27,10.45,41.82000000000001,1,No
TXN_00149,633,2024-01-04,206.48,0.0,206.48,5,No
TXN_00150,636,2024-06-19,245.48,0.0,245.48,3,No
TXN_00151,637,2024-06-23,158.46,39.62,118.84,5,No
TXN_00152,639,2024-10-18,215.48,0.0,215.48,4,No
TXN_00153,643,2024-04-09,107.68,26.92,80.76,5,No
TXN_00154,648,2024-08-30,121.68,18.25,103.43,3,No
TXN_00155,656,2024-10-01,264.05,39.61,224.44,4,No
TXN_00156,658,2024-08-24,81.76,0.0,81.76,1,No
TXN_00157,660,2024-01-29,165.87,41.47,124.4,4,No
TXN_00158,663,2024-10-16,254.59,38.19,216.4,3,No
TXN_00159,664,2024-12-13,278.55,55.71,222.84,2,No
TXN_00160,666,2024-10-11,55.39,11.08,44.31,3,No
TXN_00161,672,2024-06-18,275.14,68.78,206.35999999999999,5,No
TXN_00162,680,2024-11-16,205.62,0.0,205.62,5,No
TXN_00163,688,2024-02-29,209.65,41.93,167.72,3,No
TXN_00164,690,2024-12-27,105.75,10.57,95.18,4,Yes
TXN_00165,697,2024-09-11,149.55,22.43,127.12,4,No
TXN_00166,710,2024-02-17,98.26,14.74,83.52000000000001,4,No
TXN_00167,715,2024-09-13,129.38,0.0,129.38,2,Yes
TXN_00168,720,2024-09-25,161.77,0.0,161.77,3,Yes
TXN_00169,726,2024-12-12,202.62,0.0,202.62,5,No
TXN_00170,728,2024-04-15,302.48,20.17,282.31,4,Yes
TXN_00171,729,2024-01-19,105.91,0.0,105.91,3,No
TXN_00172,738,2024-12-17,72.76,10.91,61.85000000000001,1,No
TXN_00173,743,2024-01-24,167.79,0.0,167.79,4,No
TXN_00174,746,2024-12-03,108.52,10.85,97.67,4,No
TXN_00175,750,2024-06-08,92.42,13.86,78.56,5,No
TXN_00176,757,2024-05-21,343.65,0.0,343.65,5,Yes
TXN_00177,758,2024-09-29,93.93,14.09,79.84,2,No
TXN_00178,763,2024-05-19,130.24,26.05,104.19000000000001,3,No
TXN_00179,771,2024-09-20,206.18,0.0,206.18,3,No
TXN_00180,783,2024-05-05,223.68,0.0,223.68,4,No
TXN_00181,784,2024-03-28,97.85,24.46,73.38999999999999,4,No
TXN_00182,787,2024-11-09,268.19,53.64,214.55,1,No
TXN_00183,791,2024-01-26,129.66,12.97,116.69,4,No
TXN_00184,792,2024-03-07,130.32,17.38,112.94,4,Yes
TXN_00185,797,2024-02-24,46.07,11.52,34.55,5,No
TXN_00186,801,2024-08-06,318.56,53.09,265.47,2,Yes
TXN_00187,803,2024-04-01,49.11,0.0,49.11,5,No
TXN_00188,804,2024-12-26,144.18,36.05,108.13000000000001,2,No
TXN_00189,807,2024-11-18,85.1,21.27,63.83,4,No
TXN_00190,811,2024-11-11,257.98,38.7,219.28000000000003,1,No
TXN_00191,818,2024-09-30,385.28,0.0,385.28,2,Yes
TXN_00192,826,2024-02-19,253.99,0.0,253.99,4,No
TXN_00193,828,2024-06-07,244.38,61.09,183.29,3,No
TXN_00194,833,2024-08-28,69.19,6.92,62.269999999999996,4,No
TXN_00195,835,2024-04-24,134.67,26.93,107.73999999999998,3,No
TXN_00196,843,2024-12-06,267.88,26.79,241.09,1,Yes
TXN_00197,847,2024-09-06,235.51,0.0,235.51,5,Yes
TXN_00198,848,2024-01-16,362.02,48.27,313.75,3,Yes
TXN_00199,849,2024-02-03,159.06,26.51,132.55,5,Yes
TXN_00200,850,2024-08-31,272.85,0.0,272.85,3,Yes
TXN_00201,855,2024-03-28,158.75,0.0,158.75,1,No
TXN_00202,856,2024-05-24,61.87,15.47,46.4,1,No
TXN_00203,863,2024-07-26,235.94,0.0,235.94,1,No
TXN_00204,866,2024-06-15,259.42,0.0,259.42,5,No
TXN_00205,872,2024-08-24,74.86,7.49,67.37,2,No
TXN_00206,876,2024-05-02,211.43,42.29,169.14000000000001,3,No
TXN_00207,877,2024-11-13,62.04,6.2,55.839999999999996,4,No
TXN_00208,878,2024-05-04,91.54,13.73,77.81,4,No
TXN_00209,881,2024-09-03,174.97,0.0,174.97,1,No
TXN_00210,884,2024-06-23,70.39,4.69,65.7,4,Yes
TXN_00211,886,2024-12-21,206.03,0.0,206.03,4,No
TXN_00212,888,2024-08-08,279.03,0.0,279.03,5,Yes
TXN_00213,889,2024-08-10,144.77,24.13,120.64,2,Yes
TXN_00214,892,2024-10-05,116.93,11.69,105.24000000000001,4,No
TXN_00215,893,2024-12-21,241.75,24.18,217.57,2,No
TXN_00216,895,2024-03-29,236.24,35.44,200.8,5,No
TXN_00217,897,2024-12-08,277.49,0.0,277.49,5,No
TXN_00218,898,2024-02-09,174.85,23.31,151.54,3,Yes
TXN_00219,903,2024-10-30,176.94,0.0,176.94,5,No
TXN_00220,906,2024-06-15,133.75,33.44,100.31,1,No
TXN_00221,925,2024-04-21,141.59,0.0,141.59,1,Yes
TXN_00222,932,2024-03-17,84.61,12.69,71.92,2,No
TXN_00223,933,2024-08-19,263.2,0.0,263.2,1,No
TXN_00224,935,2024-05-29,133.6,0.0,133.6,1,Yes
TXN_00225,938,2024-10-22,118.25,0.0,118.25,1,No
TXN_00226,945,2024-10-18,125.91,0.0,125.91,5,No
TXN_00227,949,2024-06-25,122.67,24.53,98.14,4,No
TXN_00228,950,2024-02-15,158.14,39.53,118.60999999999999,2,No
TXN_00229,956,2024-03-06,223.69,0.0,223.69,4,No
TXN_00230,961,2024-01-28,400.97,0.0,400.97,4,Yes
TXN_00231,968,2024-01-16,238.76,47.75,191.01,2,No
TXN_00232,969,2024-04-30,165.82,33.16,132.66,2,No
TXN_00233,987,2024-04-06,84.61,8.46,76.15,5,No
TXN_00234,989,2024-07-15,134.04,0.0,134.04,3,No
TXN_00235,990,2024-07-03,123.41,8.23,115.18,4,Yes
TXN_00236,992,2024-03-19,223.29,14.89,208.4,4,Yes
TXN_00237,999,2024-11-27,84.68,16.94,67.74000000000001,1,No
TXN_00238,1000,2024-01-09,250.84,0.0,250.84,4,No
TXN_00239,1001,2024-03-14,89.23,0.0,89.23,4,Yes
TXN_00240,1004,2024-08-11,188.87,28.33,160.54000000000002,3,No
TXN_00241,1011,2024-12-22,56.5,0.0,56.5,4,No
TXN_00242,1013,2024-08-05,286.92,47.82,239.1,2,Yes
TXN_00243,1015,2024-04-02,130.81,19.62,111.19,5,No
TXN_00244,1019,2024-10-09,159.33,0.0,159.33,5,No
TXN_00245,1020,2024-08-18,79.39,7.94,71.45,5,No
TXN_00246,1021,2024-07-15,231.98,34.8,197.18,2,No
TXN_00247,1023,2024-04-25,172.89,0.0,172.89,1,No
TXN_00248,1035,2024-10-06,159.68,15.97,143.71,2,No
TXN_00249,1042,2024-12-26,253.16,0.0,253.16,3,No
TXN_00250,1045,2024-10-24,165.22,16.52,148.7,2,No
TXN_00251,1046,2024-09-03,127.94,8.53,119.41,4,Yes
TXN_00252,1049,2024-03-13,250.15,0.0,250.15,1,No
TXN_00253,1050,2024-09-26,299.76,19.98,279.78,4,Yes
TXN_00254,1059,2024-08-29,149.51,0.0,149.51,4,No
TXN_00255,1064,2024-12-16,69.24,6.92,62.32,4,Yes
TXN_00256,1075,2024-08-20,407.4,40.74,366.66,1,Yes
TXN_00257,1088,2024-06-04,339.75,22.65,317.1,5,Yes
TXN_00258,1089,2024-10-15,237.23,0.0,237.23,1,Yes
TXN_00259,1090,2024-05-13,247.95,61.99,185.95999999999998,5,No
TXN_00260,1092,2024-11-18,259.87,0.0,259.87,5,No
TXN_00261,1095,2024-03-27,120.03,12.0,108.03,3,No
TXN_00262,1096,2024-10-20,119.72,0.0,119.72,4,No
TXN_00263,1099,2024-05-29,147.5,0.0,147.5,3,No
TXN_00264,1101,2024-01-14,250.04,0.0,250.04,5,No
TXN_00265,1105,2024-03-05,286.45,28.65,257.8,4,Yes
TXN_00266,1106,2024-09-15,238.9,35.84,203.06,3,No
TXN_00267,1121,2024-12-03,291.69,19.45,272.24,2,Yes
TXN_00268,1122,2024-08-16,261.88,39.28,222.6,5,No
TXN_00269,1124,2024-03-30,207.95,0.0,207.95,1,No
TXN_00270,1125,2024-05-13,184.25,18.43,165.82,5,No
TXN_00271,1129,2024-04-02,114.97,0.0,114.97,2,No
TXN_00272,1133,2024-02-13,80.32,0.0,80.32,4,No
TXN_00273,1150,2024-05-15,362.62,36.26,326.36,1,Yes
TXN_00274,1152,2024-01-27,125.09,25.02,100.07000000000001,4,No
TXN_00275,1153,2024-03-26,249.83,0.0,249.83,4,No
TXN_00276,1155,2024-07-23,241.63,0.0,241.63,2,No
TXN_00277,1158,2024-08-31,267.24,0.0,267.24,4,No
TXN_00278,1165,2024-08-30,218.31,0.0,218.31,5,No
TXN_00279,1167,2024-03-15,382.95,51.06,331.89,1,Yes
TXN_00280,1168,2024-09-28,195.04,19.5,175.54,1,No
TXN_00281,1169,2024-08-10,90.69,22.67,68.02,2,No
TXN_00282,1171,2024-05-27,119.09,15.88,103.21,3,Yes
TXN_00283,1179,2024-02-19,229.29,0.0,229.29,2,No
TXN_00284,1182,2024-06-30,67.35,0.0,67.35,4,No
TXN_00285,1186,2024-05-19,167.51,16.75,150.76,5,No
TXN_00286,1189,2024-05-16,217.64,43.53,174.10999999999999,2,No
TXN_00287,1195,2024-08-24,81.36,5.42,75.94,4,Yes
TXN_00288,1196,2024-12-11,134.36,20.15,114.21000000000001,2,No
TXN_00289,1198,2024-12-10,396.79,26.45,370.34,1,Yes
TXN_00290,1199,2024-10-28,67.08,10.06,57.019999999999996,5,No
TXN_00291,1200,2024-04-09,258.48,25.85,232.63000000000002,3,No
TXN_00292,1202,2024-06-21,150.82,22.62,128.2,1,No
TXN_00293,1205,2024-04-02,163.93,40.98,122.95000000000002,5,No
TXN_00294,1208,2024-01-06,70.62,14.12,56.50000000000001,4,No
TXN_00295,1212,2024-01-07,53.8,0.0,53.8,4,No
TXN_00296,1213,2024-07-29,74.42,11.16,63.260000000000005,4,No
TXN_00297,1214,2024-02-20,56.76,0.0,56.76,1,No
TXN_00298,1215,2024-09-25,214.54,53.63,160.91,5,No
TXN_00299,1217,2024-12-16,266.45,66.61,199.83999999999997,4,No
TXN_00300,1223,2024-04-08,251.74,0.0,251.74,5,No
TXN_00301,1224,2024-01-18,133.12,13.31,119.81,4,No
TXN_00302,1225,2024-01-13,129.38,0.0,129.38,4,Yes
TXN_00303,1233,2024-11-22,248.72,41.45,207.27,3,Yes
TXN_00304,1235,2024-12-28,254.43,0.0,254.43,1,Yes
TXN_00305,1245,2024-02-26,257.46,25.75,231.71,4,Yes
TXN_00306,1251,2024-12-04,221.85,0.0,221.85,3,No
TXN_00307,1253,2024-11-23,149.75,29.95,119.8,4,No
TXN_00308,1255,2024-05-21,185.27,18.53,166.74,2,No
TXN_00309,1261,2024-03-23,137.4,18.32,119.08,5,Yes
TXN_00310,1266,2024-07-17,206.42,41.28,165.14,3,No
TXN_00311,1268,2024-01-31,254.55,0.0,254.55,3,Yes
TXN_00312,1272,2024-08-13,242.74,24.27,218.47,4,No
TXN_00313,1277,2024-07-20,189.76,28.46,161.29999999999998,4,No
TXN_00314,1280,2024-09-08,125.34,0.0,125.34,3,No
TXN_00315,1285,2024-04-21,209.33,0.0,209.33,3,Yes
TXN_00316,1289,2024-08-14,87.16,21.79,65.37,2,No
TXN_00317,1290,2024-05-12,195.84,19.58,176.26,2,Yes
TXN_00318,1292,2024-01-18,273.33,41.0,232.32999999999998,3,No
TXN_00319,1298,2024-01-10,65.6,6.56,59.03999999999999,2,No
TXN_00320,1301,2024-11-30,170.75,42.69,128.06,2,No
TXN_00321,1305,2024-12-06,219.21,21.92,197.29000000000002,4,No
TXN_00322,1306,2024-07-18,229.94,57.48,172.46,1,No
TXN_00323,1307,2024-05-16,237.73,59.43,178.29999999999998,1,No
TXN_00324,1308,2024-03-18,76.49,0.0,76.49,3,No
TXN_00325,1312,2024-10-21,396.53,0.0,396.53,4,Yes
TXN_00326,1313,2024-01-02,289.17,48.2,240.97,1,Yes
TXN_00327,1319,2024-07-25,164.63,32.93,131.7,1,No
TXN_00328,1325,2024-12-18,268.05,40.21,227.84,1,No
TXN_00329,1338,2024-02-16,124.58,0.0,124.58,5,No
TXN_00330,1351,2024-12-04,269.81,53.96,215.85,1,No
TXN_00331,1365,2024-03-12,188.41,18.84,169.57,2,No
TXN_00332,1370,2024-05-02,171.89,0.0,171.89,1,No
TXN_00333,1373,2024-02-02,134.85,26.97,107.88,5,No
TXN_00334,1374,2024-10-03,159.82,15.98,143.84,5,No
TXN_00335,1393,2024-12-13,155.44,23.32,132.12,5,No
TXN_00336,1394,2024-10-01,377.79,0.0,377.79,2,Yes
TXN_00337,1395,2024-03-17,396.18,39.62,356.56,1,Yes
TXN_00338,1397,2024-04-29,271.33,45.22,226.11,1,Yes
TXN_00339,1398,2024-02-06,68.26,0.0,68.26,5,No
TXN_00340,1406,2024-01-24,217.19,21.72,195.47,2,No
TXN_00341,1410,2024-03-07,306.06,0.0,306.06,5,Yes
TXN_00342,1412,2024-03-29,179.27,0.0,179.27,5,No
TXN_00343,1417,2024-08-21,176.04,26.41,149.63,4,No
TXN_00344,1422,2024-02-24,223.75,33.56,190.19,2,No
TXN_00345,1423,2024-02-28,150.03,10.0,140.03,3,Yes
TXN_00346,1427,2024-04-22,267.64,26.76,240.88,4,No
TXN_00347,1439,2024-03-11,244.04,0.0,244.04,4,No
TXN_00348,1441,2024-04-19,208.37,31.26,177.11,2,No
TXN_00349,1443,2024-10-30,242.56,0.0,242.56,5,Yes
TXN_00350,1446,2024-02-02,157.15,39.29,117.86000000000001,1,No
TXN_00351,1452,2024-12-22,154.52,23.18,131.34,5,No
TXN_00352,1455,2024-03-25,265.88,53.18,212.7,1,No
TXN_00353,1456,2024-08-12,233.41,0.0,233.41,4,No
TXN_00354,1458,2024-10-24,250.02,50.0,200.02,5,No
TXN_00355,1459,2024-01-21,118.25,11.83,106.42,2,No
TXN_00356,1461,2024-02-21,243.35,0.0,243.35,2,No
TXN_00357,1466,2024-01-09,133.97,0.0,133.97,5,No
TXN_00358,1468,2024-02-11,359.79,35.98,323.81,2,Yes
TXN_00359,1470,2024-01-04,228.48,0.0,228.48,2,No
TXN_00360,1476,2024-05-25,273.92,45.65,228.27,5,Yes
TXN_00361,1479,2024-08-31,262.73,0.0,262.73,2,Yes
TXN_00362,1483,2024-03-14,390.53,0.0,390.53,3,Yes
TXN_00363,1485,2024-05-18,395.04,65.84,329.2,1,Yes
TXN_00364,1489,2024-05-02,79.44,0.0,79.44,4,No
TXN_00365,1491,2024-11-08,158.51,15.85,142.66,2,No
TXN_00366,1494,2024-11-01,146.67,0.0,146.67,3,No
TXN_00367,1498,2024-02-15,357.6,59.6,298.0,3,Yes
TXN_00368,1507,2024-03-01,310.2,31.02,279.18,1,Yes
TXN_00369,1509,2024-02-18,173.13,0.0,173.13,3,Yes
TXN_00370,1511,2024-07-04,120.41,8.03,112.38,3,Yes
TXN_00371,1514,2024-04-22,123.52,0.0,123.52,3,Yes
TXN_00372,1515,2024-08-25,176.76,0.0,176.76,2,No
TXN_00373,1522,2024-02-27,343.67,0.0,343.67,5,Yes
TXN_00374,1524,2024-12-16,132.97,0.0,132.97,5,No
TXN_00375,1530,2024-01-23,241.63,60.41,181.22,2,No
TXN_00376,1532,2024-11-26,120.28,24.06,96.22,3,No
TXN_00377,1541,2024-01-23,170.09,42.52,127.57,5,No
TXN_00378,1542,2024-02-23,227.67,45.53,182.14,3,No
TXN_00379,1547,2024-01-15,373.71,0.0,373.71,3,Yes
TXN_00380,1548,2024-09-05,152.34,30.47,121.87,3,No
TXN_00381,1550,2024-02-29,157.08,15.71,141.37,1,No
TXN_00382,1558,2024-04-11,267.75,66.94,200.81,3,No
TXN_00383,1561,2024-04-27,111.18,27.8,83.38000000000001,1,No
TXN_00384,1564,2024-04-26,385.92,0.0,385.92,1,Yes
TXN_00385,1567,2024-07-30,119.63,0.0,119.63,1,No
TXN_00386,1568,2024-04-12,400.37,26.69,373.68,1,Yes
TXN_00387,1570,2024-04-22,160.65,24.1,136.55,4,No
TXN_00388,1571,2024-02-07,264.41,0.0,264.41,3,Yes
TXN_00389,1572,2024-08-29,237.66,0.0,237.66,5,No
TXN_00390,1576,2024-08-11,218.51,0.0,218.51,4,No
TXN_00391,1579,2024-11-08,266.19,0.0,266.19,4,No
TXN_00392,1586,2024-04-09,104.07,0.0,104.07,5,No
TXN_00393,1588,2024-07-02,164.82,16.48,148.34,3,No
TXN_00394,1589,2024-05-18,112.07,0.0,112.07,2,No
TXN_00395,1594,2024-12-20,244.75,0.0,244.75,2,No
TXN_00396,1599,2024-02-26,266.42,53.28,213.14000000000001,1,No
TXN_00397,1601,2024-08-22,207.02,0.0,207.02,4,No
TXN_00398,1602,2024-08-02,244.47,48.89,195.57999999999998,2,No
TXN_00399,1605,2024-04-22,199.67,19.97,179.7,3,Yes
TXN_00400,1606,2024-05-31,85.54,12.83,72.71000000000001,2,No
TXN_00401,1608,2024-03-21,401.55,0.0,401.55,1,Yes
TXN_00402,1610,2024-11-09,203.48,50.87,152.60999999999999,1,No
TXN_00403,1612,2024-10-22,103.12,0.0,103.12,1,No
TXN_00404,1614,2024-04-27,105.9,7.06,98.84,3,Yes
TXN_00405,1615,2024-02-14,259.09,64.77,194.32,4,No
TXN_00406,1617,2024-09-24,250.26,0.0,250.26,2,No
TXN_00407,1618,2024-09-07,55.5,0.0,55.5,3,No
TXN_00408,1625,2024-08-07,75.33,11.3,64.03,2,No
TXN_00409,1629,2024-08-10,278.86,0.0,278.86,4,No
TXN_00410,1632,2024-10-29,122.94,0.0,122.94,4,No
TXN_00411,1636,2024-08-01,110.67,0.0,110.67,5,No
TXN_00412,1639,2024-08-28,277.71,0.0,277.71,2,No
TXN_00413,1642,2024-08-05,219.69,0.0,219.69,2,No
TXN_00414,1645,2024-09-02,125.39,0.0,125.39,5,Yes
TXN_00415,1659,2024-05-31,191.46,38.29,153.17000000000002,3,No
TXN_00416,1661,2024-11-27,120.25,20.04,100.21,3,Yes
TXN_00417,1666,2024-06-05,127.98,25.6,102.38,1,No
TXN_00418,1669,2024-08-23,312.64,0.0,312.64,5,Yes
TXN_00419,1674,2024-08-25,221.1,14.74,206.36,5,Yes
TXN_00420,1681,2024-08-25,236.36,35.45,200.91000000000003,1,No
TXN_00421,1684,2024-01-01,84.41,12.66,71.75,4,No
TXN_00422,1690,2024-09-28,230.61,34.59,196.02,1,No
TXN_00423,1692,2024-05-31,277.55,0.0,277.55,2,Yes
TXN_00424,1694,2024-05-18,181.34,27.2,154.14000000000001,3,No
TXN_00425,1697,2024-10-04,250.04,25.0,225.04,1,No
TXN_00426,1698,2024-10-21,251.85,62.96,188.89,4,No
TXN_00427,1702,2024-11-13,206.55,0.0,206.55,4,No
TXN_00428,1706,2024-12-11,136.89,0.0,136.89,5,No
TXN_00429,1709,2024-02-26,51.76,0.0,51.76,4,No
TXN_00430,1715,2024-07-06,104.79,6.99,97.8,1,Yes
TXN_00431,1721,2024-02-04,148.94,24.82,124.12,1,Yes
TXN_00432,1725,2024-03-11,97.81,0.0,97.81,2,No
TXN_00433,1732,2024-10-24,69.98,17.5,52.480000000000004,2,No
TXN_00434,1733,2024-12-25,210.77,42.15,168.62,4,No
TXN_00435,1736,2024-06-13,228.22,0.0,228.22,1,No
TXN_00436,1740,2024-12-14,248.0,16.53,231.47,4,Yes
TXN_00437,1741,2024-08-04,72.04,10.81,61.230000000000004,5,No
TXN_00438,1743,2024-01-28,214.91,0.0,214.91,2,No
TXN_00439,1747,2024-08-19,132.24,17.63,114.61,4,Yes
TXN_00440,1750,2024-09-26,204.6,51.15,153.45,3,No
TXN_00441,1752,2024-08-28,376.03,37.6,338.43,1,Yes
TXN_00442,1753,2024-12-29,255.97,0.0,255.97,1,No
TXN_00443,1762,2024-12-20,82.81,20.7,62.11,1,No
TXN_00444,1766,2024-02-14,213.0,21.3,191.7,3,Yes
TXN_00445,1767,2024-02-11,268.69,17.91,250.78,4,Yes
TXN_00446,1771,2024-02-09,184.8,24.64,160.16,5,Yes
TXN_00447,1789,2024-08-30,357.69,35.77,321.92,1,Yes
TXN_00448,1792,2024-08-15,274.18,41.13,233.05,5,No
TXN_00449,1796,2024-04-06,89.32,11.91,77.41,4,Yes
TXN_00450,1800,2024-09-23,261.23,26.12,235.11,1,No
TXN_00451,1805,2024-06-24,242.92,0.0,242.92,2,No
TXN_00452,1807,2024-11-26,104.23,0.0,104.23,5,No
TXN_00453,1808,2024-06-16,253.9,0.0,253.9,5,No
TXN_00454,1809,2024-09-05,53.52,0.0,53.52,5,No
TXN_00455,1811,2024-12-06,130.22,0.0,130.22,1,No
TXN_00456,1814,2024-10-07,254.89,25.49,229.39999999999998,5,No
TXN_00457,1818,2024-10-17,158.88,0.0,158.88,3,No
TXN_00458,1823,2024-04-26,233.6,35.04,198.56,3,No
TXN_00459,1825,2024-07-09,148.53,0.0,148.53,3,Yes
TXN_00460,1826,2024-05-27,127.03,31.76,95.27,2,No
TXN_00461,1828,2024-03-16,159.02,39.76,119.26000000000002,4,No
TXN_00462,1832,2024-03-26,85.32,0.0,85.32,4,No
TXN_00463,1833,2024-11-12,170.44,0.0,170.44,4,No
TXN_00464,1842,2024-12-07,243.07,0.0,243.07,4,No
TXN_00465,1845,2024-05-01,262.44,26.24,236.2,4,Yes
TXN_00466,1847,2024-01-22,142.71,14.27,128.44,5,Yes
TXN_00467,1849,2024-10-21,136.79,0.0,136.79,2,No
TXN_00468,1850,2024-03-05,67.24,0.0,67.24,3,No
TXN_00469,1854,2024-04-04,198.52,29.78,168.74,1,No
TXN_00470,1862,2024-03-16,139.82,34.95,104.86999999999999,3,No
TXN_00471,1871,2024-07-26,185.3,46.33,138.97000000000003,5,No
TXN_00472,1872,2024-09-12,145.53,0.0,145.53,5,No
TXN_00473,1873,2024-03-15,159.99,0.0,159.99,4,No
TXN_00474,1874,2024-08-22,185.05,27.76,157.29000000000002,2,No
TXN_00475,1875,2024-06-12,134.73,0.0,134.73,4,Yes
TXN_00476,1878,2024-10-06,271.82,0.0,271.82,3,No
TXN_00477,1883,2024-05-31,163.91,0.0,163.91,1,No
TXN_00478,1884,2024-08-30,123.44,0.0,123.44,3,No
TXN_00479,1885,2024-05-28,200.65,30.1,170.55,1,No
TXN_00480,1888,2024-03-16,122.31,0.0,122.31,4,Yes
TXN_00481,1891,2024-06-22,187.57,18.76,168.81,5,Yes
TXN_00482,1895,2024-01-21,72.19,0.0,72.19,5,No
TXN_00483,1900,2024-06-06,108.35,0.0,108.35,5,No
TXN_00484,1907,2024-02-17,183.65,0.0,183.65,3,No
TXN_00485,1912,2024-04-09,102.65,17.11,85.54,1,Yes
TXN_00486,1920,2024-10-02,185.78,27.87,157.91,2,No
TXN_00487,1925,2024-09-19,183.08,36.62,146.46,2,No
TXN_00488,1930,2024-11-04,120.13,0.0,120.13,1,No
TXN_00489,1933,2024-01-29,213.11,0.0,213.11,5,No
TXN_00490,1941,2024-07-09,92.62,0.0,92.62,2,No
TXN_00491,1945,2024-06-28,410.87,68.48,342.39,1,Yes
TXN_00492,1949,2024-02-14,263.38,35.12,228.26,2,Yes
TXN_00493,1954,2024-05-27,170.87,0.0,170.87,5,No
TXN_00494,1956,2024-08-05,175.76,17.58,158.18,3,No
TXN_00495,1962,2024-03-14,209.82,0.0,209.82,5,Yes
TXN_00496,1967,2024-06-20,217.02,0.0,217.02,4,Yes
TXN_00497,1970,2024-07-11,96.08,24.02,72.06,5,No
TXN_00498,1972,2024-01-04,186.0,0.0,186.0,3,Yes
TXN_00499,1973,2024-07-28,174.37,26.16,148.21,4,No
TXN_00500,1974,2024-11-23,176.11,0.0,176.11,3,No
TXN_00501,1980,2024-12-29,59.69,5.97,53.72,1,No
TXN_00502,1992,2024-06-04,64.36,16.09,48.269999999999996,2,No
TXN_00503,1995,2024-08-25,286.44,28.64,257.8,5,Yes
TXN_00504,2003,2024-11-21,231.01,30.8,200.21,5,Yes
TXN_00505,2014,2024-05-05,209.24,20.92,188.32,4,Yes
TXN_00506,2017,2024-05-21,241.33,32.18,209.15,2,Yes
TXN_00507,2018,2024-09-09,190.83,25.44,165.39,5,Yes
TXN_00508,2025,2024-08-11,188.13,18.81,169.32,1,Yes
TXN_00509,2031,2024-03-02,143.05,21.46,121.59,4,No
TXN_00510,2032,2024-07-10,188.9,37.78,151.12,4,No
TXN_00511,2039,2024-01-30,116.7,23.34,93.36,3,No
TXN_00512,2042,2024-08-24,121.06,0.0,121.06,2,No
TXN_00513,2048,2024-05-19,137.88,0.0,137.88,5,No
TXN_00514,2049,2024-07-03,126.59,0.0,126.59,3,No
TXN_00515,2061,2024-11-17,186.18,0.0,186.18,1,Yes
TXN_00516,2062,2024-04-03,154.08,15.41,138.67,2,Yes
TXN_00517,2065,2024-03-26,166.31,0.0,166.31,2,Yes
TXN_00518,2066,2024-10-05,131.22,0.0,131.22,4,Yes
TXN_00519,2068,2024-06-10,307.89,0.0,307.89,5,Yes
TXN_00520,2070,2024-06-03,105.16,0.0,105.16,4,No
TXN_00521,2071,2024-05-18,241.3,24.13,217.17000000000002,3,No
TXN_00522,2072,2024-12-16,167.46,41.87,125.59,4,No
TXN_00523,2073,2024-12-23,197.72,49.43,148.29,3,No
TXN_00524,2074,2024-12-18,234.75,0.0,234.75,1,Yes
TXN_00525,2083,2024-09-22,344.48,22.97,321.51,5,Yes
TXN_00526,2084,2024-05-24,276.38,0.0,276.38,2,Yes
TXN_00527,2088,2024-06-23,321.76,53.63,268.13,4,Yes
TXN_00528,2090,2024-02-22,111.73,0.0,111.73,5,No
TXN_00529,2091,2024-04-21,172.43,34.49,137.94,5,No
TXN_00530,2099,2024-09-26,328.71,32.87,295.84,3,Yes
TXN_00531,2101,2024-12-30,84.6,14.1,70.5,2,Yes
TXN_00532,2106,2024-08-23,67.76,13.55,54.21000000000001,5,No
TXN_00533,2107,2024-02-09,191.49,47.87,143.62,4,No
TXN_00534,2109,2024-03-08,69.63,4.64,64.99,5,Yes
TXN_00535,2111,2024-09-02,91.03,9.1,81.93,2,Yes
TXN_00536,2112,2024-06-27,225.15,22.52,202.63,2,No
TXN_00537,2113,2024-06-08,55.7,11.14,44.56,4,No
TXN_00538,2117,2024-08-14,329.12,21.94,307.18,4,Yes
TXN_00539,2123,2024-06-04,249.96,37.49,212.47,2,No
TXN_00540,2125,2024-03-01,125.74,25.15,100.59,4,No
TXN_00541,2126,2024-04-23,203.4,0.0,203.4,1,No
TXN_00542,2131,2024-04-26,178.47,17.85,160.62,2,No
TXN_00543,2136,2024-02-10,214.05,0.0,214.05,1,No
TXN_00544,2139,2024-02-27,208.69,0.0,208.69,4,No
TXN_00545,2140,2024-02-09,173.37,28.89,144.48,1,Yes
TXN_00546,2142,2024-09-04,167.88,33.58,134.3,4,No
TXN_00547,2143,2024-08-08,95.35,0.0,95.35,3,No
TXN_00548,2154,2024-05-09,223.85,22.39,201.45999999999998,4,No
TXN_00549,2159,2024-01-06,151.29,0.0,151.29,2,No
TXN_00550,2160,2024-02-19,120.34,0.0,120.34,5,No
TXN_00551,2163,2024-04-15,190.9,0.0,190.9,2,No
TXN_00552,2173,2024-10-23,90.83,0.0,90.83,3,No
TXN_00553,2181,2024-10-18,188.16,18.82,169.34,5,No
TXN_00554,2189,2024-05-24,246.22,61.55,184.67000000000002,4,No
TXN_00555,2196,2024-12-28,186.21,0.0,186.21,2,No
TXN_00556,2197,2024-08-31,234.45,0.0,234.45,3,No
TXN_00557,2204,2024-02-24,301.22,30.12,271.1,2,Yes
TXN_00558,2206,2024-06-30,212.98,21.3,191.67999999999998,2,No
TXN_00559,2210,2024-09-20,402.5,0.0,402.5,3,Yes
TXN_00560,2216,2024-08-26,274.86,0.0,274.86,4,No
TXN_00561,2225,2024-01-21,179.72,17.97,161.75,5,No
TXN_00562,2227,2024-06-16,263.34,0.0,263.34,5,No
TXN_00563,2232,2024-08-21,278.28,55.66,222.61999999999998,4,No
TXN_00564,2233,2024-11-03,176.14,17.61,158.52999999999997,1,No
TXN_00565,2239,2024-07-27,157.16,15.72,141.44,4,Yes
TXN_00566,2244,2024-08-31,182.62,27.39,155.23000000000002,1,No
TXN_00567,2247,2024-04-01,65.84,13.17,52.67,5,No
TXN_00568,2249,2024-12-11,264.39,0.0,264.39,1,Yes
TXN_00569,2256,2024-12-03,194.27,29.14,165.13,3,No
TXN_00570,2257,2024-12-12,277.75,0.0,277.75,2,No
TXN_00571,2258,2024-02-13,144.65,0.0,144.65,1,No
TXN_00572,2264,2024-10-29,159.06,0.0,159.06,2,No
TXN_00573,2275,2024-04-29,61.3,0.0,61.3,3,No
TXN_00574,2278,2024-05-22,181.02,0.0,181.02,3,No
TXN_00575,2279,2024-12-31,259.49,0.0,259.49,5,No
TXN_00576,2287,2024-12-07,161.98,0.0,161.98,5,No
TXN_00577,2292,2024-05-22,68.99,17.25,51.739999999999995,4,No
TXN_00578,2295,2024-02-25,140.99,14.1,126.89000000000001,1,No
TXN_00579,2297,2024-05-08,85.81,0.0,85.81,2,Yes
TXN_00580,2301,2024-11-17,210.54,0.0,210.54,5,No
TXN_00581,2305,2024-01-28,245.72,0.0,245.72,4,No
TXN_00582,2306,2024-02-04,255.45,0.0,255.45,2,No
TXN_00583,2307,2024-09-12,165.84,33.17,132.67000000000002,1,No
TXN_00584,2310,2024-04-01,78.12,0.0,78.12,3,No
TXN_00585,2318,2024-11-15,132.34,26.47,105.87,4,No
TXN_00586,2319,2024-02-19,173.99,0.0,173.99,5,No
TXN_00587,2321,2024-12-04,151.75,37.94,113.81,1,No
TXN_00588,2323,2024-09-09,281.87,0.0,281.87,1,Yes
TXN_00589,2336,2024-01-10,135.57,20.34,115.22999999999999,1,No
TXN_00590,2344,2024-08-14,152.15,15.22,136.93,5,No
TXN_00591,2347,2024-01-17,148.44,0.0,148.44,3,No
TXN_00592,2351,2024-06-04,186.57,46.64,139.93,1,No
TXN_00593,2353,2024-03-25,243.01,0.0,243.01,4,No
TXN_00594,2357,2024-06-08,161.93,32.39,129.54000000000002,3,No
TXN_00595,2360,2024-02-26,116.85,0.0,116.85,1,No
TXN_00596,2363,2024-09-08,200.82,50.2,150.62,1,No
TXN_00597,2372,2024-03-21,96.61,0.0,96.61,5,No
TXN_00598,2378,2024-10-29,238.74,39.79,198.95,5,Yes
TXN_00599,2387,2024-10-29,62.86,0.0,62.86,3,No
TXN_00600,2390,2024-07-06,139.19,18.56,120.63,2,Yes
TXN_00601,2392,2024-10-25,387.48,0.0,387.48,5,Yes
TXN_00602,2396,2024-07-13,235.75,0.0,235.75,2,Yes
TXN_00603,2398,2024-08-07,272.61,0.0,272.61,5,No
TXN_00604,2413,2024-02-03,358.16,0.0,358.16,1,Yes
TXN_00605,2417,2024-03-27,113.21,16.98,96.22999999999999,3,No
TXN_00606,2423,2024-12-02,49.48,0.0,49.48,5,No
TXN_00607,2425,2024-10-17,167.32,16.73,150.59,5,No
TXN_00608,2426,2024-09-20,162.56,0.0,162.56,4,No
TXN_00609,2427,2024-08-03,144.34,14.43,129.91,5,No
TXN_00610,2432,2024-10-28,136.82,20.52,116.3,2,No
TXN_00611,2435,2024-07-12,223.1,0.0,223.1,5,No
TXN_00612,2441,2024-09-07,378.05,63.01,315.04,3,Yes
TXN_00613,2443,2024-12-19,216.06,0.0,216.06,2,No
TXN_00614,2444,2024-12-11,271.14,40.67,230.46999999999997,5,No
TXN_00615,2446,2024-06-21,183.19,45.8,137.39,5,No
TXN_00616,2448,2024-09-14,64.64,0.0,64.64,1,No
TXN_00617,2449,2024-12-07,228.08,0.0,228.08,4,No
TXN_00618,2450,2024-06-22,89.13,13.37,75.75999999999999,4,No
TXN_00619,2452,2024-11-10,260.4,52.08,208.32,5,No
TXN_00620,2459,2024-02-08,273.88,27.39,246.49,3,No
TXN_00621,2464,2024-01-25,65.51,6.55,58.96000000000001,4,No
TXN_00622,2466,2024-10-20,70.81,0.0,70.81,2,No
TXN_00623,2471,2024-10-23,226.35,0.0,226.35,1,No
TXN_00624,2474,2024-06-21,235.5,23.55,211.95,1,No
TXN_00625,2477,2024-10-17,186.25,0.0,186.25,5,Yes
TXN_00626,2482,2024-06-26,224.42,33.66,190.76,4,No
TXN_00627,2489,2024-12-05,241.9,36.28,205.62,5,No
TXN_00628,2492,2024-04-12,241.67,0.0,241.67,4,Yes
TXN_00629,2496,2024-11-15,191.51,38.3,153.20999999999998,2,No
TXN_00630,2497,2024-09-20,197.49,13.17,184.32,4,Yes
TXN_00631,2501,2024-04-02,255.9,0.0,255.9,1,No
TXN_00632,2503,2024-11-17,88.61,17.72,70.89,5,No
TXN_00633,2505,2024-09-21,192.97,0.0,192.97,2,No
TXN_00634,2507,2024-10-22,70.02,0.0,70.02,2,Yes
TXN_00635,2516,2024-08-10,122.02,24.4,97.62,5,No
TXN_00636,2517,2024-10-16,136.74,13.67,123.07000000000001,5,No
TXN_00637,2519,2024-01-31,225.3,30.04,195.26,3,Yes
TXN_00638,2521,2024-04-12,62.01,6.2,55.809999999999995,2,No
TXN_00639,2528,2024-06-02,329.19,43.89,285.3,1,Yes
TXN_00640,2529,2024-08-10,104.86,10.49,94.37,5,No
TXN_00641,2531,2024-06-12,109.21,10.92,98.28999999999999,4,No
TXN_00642,2534,2024-04-14,118.25,7.88,110.37,1,Yes
TXN_00643,2537,2024-05-26,115.29,0.0,115.29,2,Yes
TXN_00644,2538,2024-11-26,236.55,0.0,236.55,2,No
TXN_00645,2541,2024-12-17,149.71,0.0,149.71,4,No
TXN_00646,2557,2024-11-27,255.83,0.0,255.83,4,Yes
TXN_00647,2566,2024-12-03,381.66,0.0,381.66,3,Yes
TXN_00648,2569,2024-11-25,132.31,33.08,99.23,3,No
TXN_00649,2573,2024-01-29,287.81,38.37,249.44,5,Yes
TXN_00650,2576,2024-11-04,134.3,26.86,107.44000000000001,1,No
TXN_00651,2583,2024-02-16,187.6,0.0,187.6,3,No
TXN_00652,2584,2024-07-22,116.45,23.29,93.16,5,No
TXN_00653,2586,2024-04-30,272.6,68.15,204.45000000000002,2,No
TXN_00654,2591,2024-09-24,242.69,40.45,202.24,5,Yes
TXN_00655,2594,2024-09-25,120.37,24.07,96.30000000000001,1,No
TXN_00656,2596,2024-09-11,109.03,0.0,109.03,4,No
TXN_00657,2602,2024-06-17,228.32,0.0,228.32,3,No
TXN_00658,2615,2024-05-10,197.94,0.0,197.94,2,Yes
TXN_00659,2617,2024-01-29,251.48,0.0,251.48,4,No
TXN_00660,2618,2024-09-08,134.45,33.61,100.83999999999999,2,No
TXN_00661,2621,2024-12-24,129.56,19.43,110.13,5,No
TXN_00662,2622,2024-02-27,174.58,0.0,174.58,4,No
TXN_00663,2624,2024-10-06,299.79,0.0,299.79,2,Yes
TXN_00664,2637,2024-11-06,192.97,19.3,173.67,5,No
TXN_00665,2639,2024-12-05,191.43,47.86,143.57,1,No
TXN_00666,2653,2024-09-30,341.82,0.0,341.82,1,Yes
TXN_00667,2654,2024-05-01,171.08,25.66,145.42000000000002,1,No
TXN_00668,2672,2024-05-20,130.07,19.51,110.55999999999999,5,No
TXN_00669,2682,2024-05-13,263.72,0.0,263.72,1,No
TXN_00670,2683,2024-09-16,256.02,0.0,256.02,5,Yes
TXN_00671,2685,2024-06-29,61.48,0.0,61.48,4,No
TXN_00672,2686,2024-08-03,276.11,27.61,248.5,5,No
TXN_00673,2687,2024-11-04,263.24,39.49,223.75,3,No
TXN_00674,2695,2024-11-24,186.12,0.0,186.12,2,Yes
TXN_00675,2696,2024-04-04,149.58,29.92,119.66000000000001,2,No
TXN_00676,2714,2024-11-28,88.94,8.89,80.05,1,Yes
TXN_00677,2719,2024-06-12,143.48,0.0,143.48,1,No
TXN_00678,2721,2024-09-01,218.79,0.0,218.79,4,Yes
TXN_00679,2722,2024-03-09,342.56,45.67,296.89,1,Yes
TXN_00680,2723,2024-05-13,234.24,31.23,203.01,4,Yes
TXN_00681,2725,2024-12-17,148.77,0.0,148.77,3,No
TXN_00682,2728,2024-05-24,208.35,52.09,156.26,5,No
TXN_00683,2731,2024-07-31,227.26,0.0,227.26,3,No
TXN_00684,2734,2024-07-20,99.44,0.0,99.44,5,Yes
TXN_00685,2741,2024-11-27,95.64,0.0,95.64,2,No
TXN_00686,2747,2024-04-11,286.68,0.0,286.68,3,Yes
TXN_00687,2754,2024-08-07,146.52,0.0,146.52,3,No
TXN_00688,2765,2024-08-10,78.32,0.0,78.32,1,No
TXN_00689,2767,2024-12-10,237.9,0.0,237.9,3,No
TXN_00690,2776,2024-09-10,190.02,0.0,190.02,4,No
TXN_00691,2778,2024-03-07,101.12,0.0,101.12,2,No
TXN_00692,2780,2024-04-15,138.96,0.0,138.96,2,No
TXN_00693,2781,2024-11-03,217.5,43.5,174.0,5,No
TXN_00694,2782,2024-04-20,205.17,0.0,205.17,1,No
TXN_00695,2786,2024-08-02,125.26,31.32,93.94,3,No
TXN_00696,2790,2024-01-15,70.95,9.46,61.49,4,Yes
TXN_00697,2791,2024-05-28,401.96,53.59,348.37,1,Yes
TXN_00698,2808,2024-07-22,78.71,0.0,78.71,5,No
TXN_00699,2815,2024-11-01,187.28,18.73,168.55,4,No
TXN_00700,2817,2024-02-07,305.7,30.57,275.13,1,Yes
TXN_00701,2819,2024-10-12,220.41,22.04,198.37,3,Yes
TXN_00702,2829,2024-12-29,348.31,34.83,313.48,5,Yes
TXN_00703,2831,2024-01-03,261.32,26.13,235.19,3,No
TXN_00704,2832,2024-05-09,90.19,9.02,81.17,4,No
TXN_00705,2833,2024-09-15,388.47,25.9,362.57,4,Yes
TXN_00706,2836,2024-06-03,83.63,12.54,71.09,4,No
TXN_00707,2842,2024-01-22,222.87,0.0,222.87,2,No
TXN_00708,2843,2024-10-24,70.02,10.5,59.519999999999996,5,No
TXN_00709,2844,2024-04-01,105.25,17.54,87.71,2,Yes
TXN_00710,2848,2024-09-09,103.65,10.37,93.28,4,No
TXN_00711,2858,2024-05-13,178.64,44.66,133.98,3,No
TXN_00712,2864,2024-05-23,270.99,54.2,216.79000000000002,2,No
TXN_00713,2869,2024-11-09,123.57,0.0,123.57,3,Yes
TXN_00714,2880,2024-11-21,115.8,28.95,86.85,2,No
TXN_00715,2882,2024-01-28,190.42,47.6,142.82,5,No
TXN_00716,2883,2024-04-06,208.52,20.85,187.67000000000002,1,No
TXN_00717,2884,2024-03-17,186.2,18.62,167.57999999999998,4,No
TXN_00718,2892,2024-12-27,136.94,0.0,136.94,3,Yes
TXN_00719,2896,2024-09-10,277.37,0.0,277.37,5,No
TXN_00720,2898,2024-08-14,265.16,44.19,220.97,4,Yes
TXN_00721,2901,2024-10-14,229.06,22.91,206.15,3,Yes
TXN_00722,2912,2024-04-02,151.29,30.26,121.02999999999999,4,No
TXN_00723,2916,2024-10-15,132.42,13.24,119.17999999999999,3,No
TXN_00724,2922,2024-09-26,224.51,0.0,224.51,3,No
TXN_00725,2925,2024-08-01,296.52,29.65,266.87,1,Yes
TXN_00726,2927,2024-05-06,184.62,27.69,156.93,1,No
TXN_00727,2929,2024-12-12,174.31,0.0,174.31,4,No
TXN_00728,2943,2024-01-15,219.96,0.0,219.96,2,No
TXN_00729,2946,2024-12-28,200.22,50.05,150.17000000000002,4,No
TXN_00730,2955,2024-06-17,205.22,20.52,184.7,3,No
TXN_00731,2959,2024-08-19,204.48,0.0,204.48,5,No
TXN_00732,2960,2024-06-15,187.34,0.0,187.34,5,Yes
TXN_00733,2961,2024-10-18,131.12,0.0,131.12,2,No
TXN_00734,2970,2024-10-07,176.93,17.69,159.24,3,No
TXN_00735,2973,2024-02-17,286.32,19.09,267.23,2,Yes
TXN_00736,2974,2024-07-23,135.29,0.0,135.29,5,No
TXN_00737,2980,2024-01-11,153.27,22.99,130.28,1,No
TXN_00738,2987,2024-11-30,185.09,18.51,166.58,2,No
TXN_00739,2989,2024-03-02,110.4,11.04,99.36,3,Yes
TXN_00740,2990,2024-06-01,230.61,57.65,172.96,4,No
TXN_00741,2992,2024-08-09,54.49,10.9,43.59,2,No
TXN_00742,2994,2024-12-16,243.07,24.31,218.76,1,No
TXN_00743,2999,2024-02-19,119.07,0.0,119.07,2,No
TXN_00744,3002,2024-04-12,156.16,20.82,135.34,5,Yes
TXN_00745,3013,2024-07-07,339.44,0.0,339.44,2,Yes
TXN_00746,3014,2024-11-10,146.62,21.99,124.63000000000001,2,No
TXN_00747,3016,2024-08-10,176.07,35.21,140.85999999999999,1,No
TXN_00748,3025,2024-04-24,130.18,0.0,130.18,3,No
TXN_00749,3026,2024-11-27,142.15,14.22,127.93,5,No
TXN_00750,3037,2024-08-27,261.3,39.2,222.10000000000002,1,No
TXN_00751,3040,2024-09-01,105.93,14.12,91.81,1,Yes
TXN_00752,3047,2024-09-24,229.65,22.97,206.68,2,No
TXN_00753,3059,2024-07-30,203.22,0.0,203.22,4,No
TXN_00754,3060,2024-02-18,109.24,21.85,87.38999999999999,5,No
TXN_00755,3063,2024-10-18,184.42,0.0,184.42,3,No
TXN_00756,3069,2024-09-14,77.74,7.77,69.97,3,No
TXN_00757,3075,2024-04-03,49.85,12.46,37.39,2,No
TXN_00758,3080,2024-12-26,189.98,38.0,151.98,3,No
TXN_00759,3081,2024-06-01,172.8,25.92,146.88,2,No
TXN_00760,3089,2024-06-23,115.62,19.27,96.35,5,Yes
TXN_00761,3095,2024-05-12,156.36,0.0,156.36,5,No
TXN_00762,3097,2024-02-24,376.47,0.0,376.47,4,Yes
TXN_00763,3102,2024-07-21,155.11,0.0,155.11,2,No
TXN_00764,3104,2024-01-07,197.07,0.0,197.07,1,No
TXN_00765,3105,2024-03-28,182.88,0.0,182.88,2,Yes
TXN_00766,3109,2024-12-20,178.0,17.8,160.2,1,No
TXN_00767,3123,2024-06-03,50.15,5.02,45.129999999999995,4,No
TXN_00768,3126,2024-03-10,173.35,26.0,147.35,1,No
TXN_00769,3131,2024-12-22,110.64,27.66,82.98,3,No
TXN_00770,3133,2024-01-14,267.33,40.1,227.23,2,No
TXN_00771,3136,2024-11-28,79.73,0.0,79.73,5,No
TXN_00772,3143,2024-04-07,143.96,28.79,115.17000000000002,5,No
TXN_00773,3144,2024-02-14,131.9,8.79,123.11,4,Yes
TXN_00774,3156,2024-09-05,103.56,25.89,77.67,2,No
TXN_00775,3160,2024-10-26,254.04,0.0,254.04,2,No
TXN_00776,3172,2024-08-09,111.31,0.0,111.31,4,No
TXN_00777,3176,2024-11-01,158.4,23.76,134.64000000000001,5,No
TXN_00778,3185,2024-11-09,276.98,36.93,240.05,5,Yes
TXN_00779,3186,2024-12-13,157.24,23.59,133.65,4,No
TXN_00780,3199,2024-11-27,126.19,31.55,94.64,4,No
TXN_00781,3201,2024-08-30,252.47,50.49,201.98,3,No
TXN_00782,3205,2024-11-26,89.84,0.0,89.84,3,No
TXN_00783,3212,2024-05-27,58.27,0.0,58.27,3,No
TXN_00784,3224,2024-12-02,171.76,17.18,154.57999999999998,1,No
TXN_00785,3229,2024-07-18,193.79,19.38,174.41,1,No
TXN_00786,3230,2024-08-01,211.11,0.0,211.11,3,Yes
TXN_00787,3235,2024-03-23,164.98,0.0,164.98,5,No
TXN_00788,3236,2024-11-14,243.61,60.9,182.71,1,No
TXN_00789,3238,2024-05-24,142.19,23.7,118.49,2,Yes
TXN_00790,3242,2024-09-04,213.32,0.0,213.32,3,No
TXN_00791,3245,2024-04-12,236.75,0.0,236.75,2,Yes
TXN_00792,3251,2024-09-09,118.49,0.0,118.49,1,No
TXN_00793,3256,2024-01-25,119.4,29.85,89.55000000000001,2,No
TXN_00794,3258,2024-07-02,178.77,0.0,178.77,1,No
TXN_00795,3265,2024-01-17,67.52,10.13,57.38999999999999,3,No
TXN_00796,3274,2024-04-24,67.69,0.0,67.69,1,No
TXN_00797,3281,2024-05-16,217.9,32.69,185.21,5,No
TXN_00798,3285,2024-11-05,197.87,0.0,197.87,3,No
TXN_00799,3286,2024-12-08,219.4,21.94,197.46,1,No
TXN_00800,3288,2024-12-27,206.65,0.0,206.65,4,No
TXN_00801,3292,2024-02-26,150.88,0.0,150.88,4,Yes
TXN_00802,3294,2024-11-08,49.31,0.0,49.31,5,No
TXN_00803,3299,2024-09-16,276.89,0.0,276.89,3,No
TXN_00804,3305,2024-07-04,353.76,23.58,330.18,5,Yes
TXN_00805,3309,2024-08-14,123.31,0.0,123.31,1,No
TXN_00806,3321,2024-07-31,257.74,0.0,257.74,5,No
TXN_00807,3322,2024-01-04,316.8,52.8,264.0,4,Yes
TXN_00808,3330,2024-05-16,157.51,0.0,157.51,4,No
TXN_00809,3347,2024-12-15,257.24,0.0,257.24,4,No
TXN_00810,3350,2024-08-14,199.35,0.0,199.35,3,Yes
TXN_00811,3354,2024-02-05,215.52,14.37,201.15,2,Yes
TXN_00812,3358,2024-07-24,274.75,18.32,256.43,2,Yes
TXN_00813,3359,2024-03-25,217.07,32.56,184.51,5,No
TXN_00814,3373,2024-05-31,206.6,0.0,206.6,5,No
TXN_00815,3375,2024-07-24,136.6,20.49,116.11,2,No
TXN_00816,3378,2024-10-10,147.3,14.73,132.57,2,Yes
TXN_00817,3388,2024-07-25,269.94,40.49,229.45,4,No
TXN_00818,3401,2024-04-11,56.6,14.15,42.45,4,No
TXN_00819,3404,2024-01-19,191.44,28.72,162.72,2,No
TXN_00820,3405,2024-10-02,298.65,39.82,258.83,1,Yes
TXN_00821,3416,2024-06-08,212.91,31.94,180.97,3,No
TXN_00822,3423,2024-10-03,88.52,8.85,79.67,5,Yes
TXN_00823,3424,2024-10-30,168.76,42.19,126.57,3,No
TXN_00824,3428,2024-08-04,176.62,26.49,150.13,2,No
TXN_00825,3429,2024-09-15,242.98,0.0,242.98,4,No
TXN_00826,3431,2024-01-31,294.5,0.0,294.5,5,Yes
TXN_00827,3432,2024-07-09,153.09,0.0,153.09,2,No
TXN_00828,3436,2024-06-30,188.81,37.76,151.05,5,No
TXN_00829,3439,2024-11-29,263.38,0.0,263.38,2,Yes
TXN_00830,3440,2024-03-04,256.15,0.0,256.15,5,No
TXN_00831,3441,2024-08-17,168.65,25.3,143.35,4,No
TXN_00832,3448,2024-10-24,207.49,41.5,165.99,5,No
TXN_00833,3456,2024-06-28,366.41,61.07,305.34,4,Yes
TXN_00834,3457,2024-06-02,166.44,24.97,141.47,4,No
TXN_00835,3466,2024-05-06,370.03,49.34,320.69,2,Yes
TXN_00836,3474,2024-02-20,276.06,27.61,248.45,3,No
TXN_00837,3476,2024-12-30,265.33,66.33,199.0,3,No
TXN_00838,3481,2024-02-01,254.96,63.74,191.22,2,No
TXN_00839,3484,2024-08-31,333.13,33.31,299.82,2,Yes
TXN_00840,3497,2024-10-26,138.07,0.0,138.07,5,No
TXN_00841,3499,2024-11-21,121.41,0.0,121.41,3,No
TXN_00842,3504,2024-08-01,237.6,39.6,198.0,5,Yes
TXN_00843,3511,2024-08-22,237.24,23.72,213.52,4,Yes
TXN_00844,3512,2024-03-07,167.7,25.15,142.54999999999998,2,No
TXN_00845,3515,2024-09-27,200.56,0.0,200.56,3,No
TXN_00846,3521,2024-01-17,176.63,26.49,150.14,2,No
TXN_00847,3524,2024-07-08,186.47,37.29,149.18,2,No
TXN_00848,3531,2024-10-19,243.21,0.0,243.21,5,No
TXN_00849,3533,2024-01-21,267.52,26.75,240.76999999999998,3,No
TXN_00850,3535,2024-03-19,239.32,59.83,179.49,3,No
TXN_00851,3536,2024-03-01,200.16,0.0,200.16,4,No
TXN_00852,3538,2024-06-05,255.46,0.0,255.46,1,No
TXN_00853,3539,2024-07-10,84.9,0.0,84.9,5,Yes
TXN_00854,3542,2024-09-05,275.43,0.0,275.43,4,No
TXN_00855,3548,2024-01-25,163.68,0.0,163.68,1,Yes
TXN_00856,3551,2024-04-20,70.7,7.07,63.63,2,Yes
TXN_00857,3553,2024-09-07,93.48,9.35,84.13,2,Yes
TXN_00858,3556,2024-10-07,184.67,46.17,138.5,3,No
TXN_00859,3564,2024-10-16,352.22,46.96,305.26,4,Yes
TXN_00860,3566,2024-06-21,157.34,26.22,131.12,2,Yes
TXN_00861,3574,2024-08-23,140.33,35.08,105.25000000000001,3,No
TXN_00862,3580,2024-02-15,79.91,5.33,74.58,5,Yes
TXN_00863,3583,2024-11-15,204.83,27.31,177.52,4,Yes
TXN_00864,3590,2024-01-24,248.84,0.0,248.84,3,No
TXN_00865,3596,2024-03-25,118.83,0.0,118.83,1,No
TXN_00866,3599,2024-10-19,142.74,0.0,142.74,5,No
TXN_00867,3601,2024-12-28,86.5,0.0,86.5,1,Yes
TXN_00868,3603,2024-10-14,266.1,39.91,226.19000000000003,5,No
TXN_00869,3604,2024-11-26,184.59,18.46,166.13,1,No
TXN_00870,3615,2024-09-24,63.96,12.79,51.17,1,No
TXN_00871,3617,2024-08-31,256.51,38.48,218.03,2,No
TXN_00872,3624,2024-01-10,64.55,0.0,64.55,2,No
TXN_00873,3625,2024-05-20,219.27,0.0,219.27,2,No
TXN_00874,3626,2024-04-15,274.89,0.0,274.89,3,No
TXN_00875,3631,2024-02-13,136.78,0.0,136.78,5,Yes
TXN_00876,3639,2024-01-12,289.59,0.0,289.59,4,Yes
TXN_00877,3640,2024-06-23,258.22,64.56,193.66000000000003,5,No
TXN_00878,3644,2024-01-13,277.23,27.72,249.51,5,Yes
TXN_00879,3646,2024-06-11,57.25,0.0,57.25,1,No
TXN_00880,3650,2024-02-28,267.02,0.0,267.02,1,No
TXN_00881,3653,2024-03-27,228.09,57.02,171.07,2,No
TXN_00882,3654,2024-05-26,246.28,0.0,246.28,3,No
TXN_00883,3656,2024-04-03,137.38,13.74,123.64,5,No
TXN_00884,3658,2024-02-15,197.48,0.0,197.48,5,No
TXN_00885,3662,2024-12-13,240.33,36.05,204.28000000000003,1,No
TXN_00886,3665,2024-11-10,255.03,42.51,212.52,4,Yes
TXN_00887,3676,2024-07-30,359.3,35.93,323.37,3,Yes
TXN_00888,3677,2024-06-14,106.81,0.0,106.81,5,No
TXN_00889,3680,2024-03-02,63.74,6.37,57.370000000000005,5,No
TXN_00890,3681,2024-01-27,260.7,34.76,225.94,1,Yes
TXN_00891,3682,2024-04-13,185.01,37.0,148.01,4,No
TXN_00892,3685,2024-10-27,278.7,0.0,278.7,1,No
TXN_00893,3687,2024-09-09,269.87,0.0,269.87,5,No
TXN_00894,3691,2024-02-28,322.0,21.47,300.53,4,Yes
TXN_00895,3701,2024-07-27,172.63,0.0,172.63,3,Yes
TXN_00896,3712,2024-11-29,275.0,55.0,220.0,2,No
TXN_00897,3714,2024-06-04,65.32,6.53,58.78999999999999,2,No
TXN_00898,3716,2024-07-27,263.48,26.35,237.13,3,Yes
TXN_00899,3718,2024-02-12,131.01,0.0,131.01,3,No
TXN_00900,3720,2024-09-13,195.72,39.14,156.57999999999998,2,No
TXN_00901,3724,2024-10-03,73.28,0.0,73.28,3,Yes
TXN_00902,3727,2024-10-02,260.82,0.0,260.82,3,No
TXN_00903,3728,2024-08-04,272.17,0.0,272.17,3,Yes
TXN_00904,3730,2024-08-19,83.87,16.77,67.10000000000001,3,No
TXN_00905,3733,2024-08-25,411.15,54.82,356.33,5,Yes
TXN_00906,3735,2024-05-28,47.68,0.0,47.68,3,No
TXN_00907,3737,2024-03-26,170.04,34.01,136.03,2,No
TXN_00908,3741,2024-05-19,86.39,12.96,73.43,2,No
TXN_00909,3745,2024-07-13,214.53,21.45,193.08,1,No
TXN_00910,3747,2024-11-19,236.58,0.0,236.58,3,Yes
TXN_00911,3751,2024-05-24,70.68,0.0,70.68,2,No
TXN_00912,3753,2024-03-23,89.21,8.92,80.28999999999999,3,No
TXN_00913,3755,2024-10-15,180.59,18.06,162.53,3,Yes
TXN_00914,3756,2024-02-05,46.94,7.04,39.9,5,No
TXN_00915,3759,2024-07-21,159.57,23.94,135.63,2,No
TXN_00916,3763,2024-10-11,267.7,26.77,240.92999999999998,3,No
TXN_00917,3764,2024-05-23,229.3,0.0,229.3,5,No
TXN_00918,3767,2024-11-08,267.64,26.76,240.88,1,No
TXN_00919,3771,2024-06-24,223.62,0.0,223.62,4,No
TXN_00920,3772,2024-11-21,179.67,0.0,179.67,1,No
TXN_00921,3774,2024-12-28,71.72,17.93,53.79,3,No
TXN_00922,3775,2024-08-19,302.0,40.27,261.73,4,Yes
TXN_00923,3792,2024-01-03,47.27,11.82,35.45,3,No
TXN_00924,3797,2024-10-11,61.35,15.34,46.010000000000005,1,No
TXN_00925,3800,2024-09-07,217.61,54.4,163.21,1,No
TXN_00926,3801,2024-07-20,277.24,27.72,249.52,4,No
TXN_00927,3804,2024-11-28,265.74,39.86,225.88,1,No
TXN_00928,3809,2024-12-09,197.48,0.0,197.48,5,No
TXN_00929,3815,2024-11-03,269.19,26.92,242.26999999999998,2,No
TXN_00930,3829,2024-05-23,137.52,0.0,137.52,1,No
TXN_00931,3832,2024-07-02,64.72,9.71,55.01,2,No
TXN_00932,3836,2024-11-16,225.08,0.0,225.08,2,No
TXN_00933,3844,2024-09-09,132.8,13.28,119.52000000000001,2,No
TXN_00934,3846,2024-12-27,80.49,5.37,75.12,2,Yes
TXN_00935,3850,2024-04-10,342.62,45.68,296.94,4,Yes
TXN_00936,3852,2024-07-21,220.89,33.13,187.76,4,No
TXN_00937,3863,2024-12-10,253.35,0.0,253.35,2,Yes
TXN_00938,3864,2024-12-15,99.26,9.93,89.33000000000001,3,No
TXN_00939,3866,2024-10-16,170.49,0.0,170.49,5,No
TXN_00940,3883,2024-09-29,63.29,15.82,47.47,3,No
TXN_00941,3889,2024-01-02,260.97,0.0,260.97,1,Yes
TXN_00942,3890,2024-08-06,158.49,0.0,158.49,4,No
TXN_00943,3891,2024-11-24,54.63,0.0,54.63,3,No
TXN_00944,3892,2024-12-10,248.7,0.0,248.7,1,Yes
TXN_00945,3893,2024-11-28,338.75,45.17,293.58,2,Yes
TXN_00946,3895,2024-06-14,267.58,26.76,240.82,1,No
TXN_00947,3903,2024-09-10,389.03,64.84,324.19,1,Yes
TXN_00948,3910,2024-08-03,234.76,0.0,234.76,5,No
TXN_00949,3912,2024-08-17,203.37,20.34,183.03,3,Yes
TXN_00950,3913,2024-06-10,217.8,21.78,196.02,1,No
TXN_00951,3914,2024-01-03,47.22,9.44,37.78,3,No
TXN_00952,3921,2024-04-25,151.08,20.14,130.94,2,Yes
TXN_00953,3922,2024-12-19,104.64,0.0,104.64,5,Yes
TXN_00954,3923,2024-08-04,117.82,0.0,117.82,3,Yes
TXN_00955,3927,2024-03-25,247.92,37.19,210.73,1,No
TXN_00956,3932,2024-11-16,409.23,0.0,409.23,3,Yes
TXN_00957,3943,2024-02-25,67.44,16.86,50.58,3,No
TXN_00958,3946,2024-06-23,52.05,5.21,46.839999999999996,4,No
TXN_00959,3948,2024-06-19,51.12,5.11,46.01,3,No
TXN_00960,3951,2024-02-07,207.45,41.49,165.95999999999998,1,No
TXN_00961,3954,2024-08-12,251.97,0.0,251.97,1,No
TXN_00962,3958,2024-10-23,191.32,0.0,191.32,3,No
TXN_00963,3965,2024-12-21,59.68,11.94,47.74,1,No
TXN_00964,3966,2024-02-03,281.76,0.0,281.76,2,Yes
TXN_00965,3974,2024-08-09,246.56,0.0,246.56,3,Yes
TXN_00966,3976,2024-02-22,229.52,0.0,229.52,1,No
TXN_00967,3977,2024-12-12,204.25,0.0,204.25,3,Yes
TXN_00968,3978,2024-01-29,52.04,0.0,52.04,5,No
TXN_00969,3979,2024-10-13,77.77,7.78,69.99,3,No
TXN_00970,3988,2024-11-02,219.18,21.92,197.26,2,No
TXN_00971,3994,2024-08-25,217.43,0.0,217.43,3,No
TXN_00972,3997,2024-11-13,79.34,7.93,71.41,3,No
TXN_00973,4010,2024-01-07,190.48,28.57,161.91,3,No
TXN_00974,4013,2024-02-04,215.09,0.0,215.09,1,No
TXN_00975,4021,2024-06-30,150.74,0.0,150.74,4,No
TXN_00976,4024,2024-11-13,210.45,14.03,196.42,5,Yes
TXN_00977,4026,2024-04-05,93.15,9.32,83.83000000000001,3,No
TXN_00978,4027,2024-05-04,179.81,29.97,149.84,1,Yes
TXN_00979,4028,2024-03-11,361.47,0.0,361.47,4,Yes
TXN_00980,4031,2024-03-06,259.72,0.0,259.72,4,No
TXN_00981,4039,2024-10-25,55.38,0.0,55.38,5,No
TXN_00982,4040,2024-10-04,157.02,20.94,136.08,3,Yes
TXN_00983,4041,2024-03-15,65.68,0.0,65.68,4,No
TXN_00984,4051,2024-10-27,386.88,25.79,361.09,4,Yes
TXN_00985,4053,2024-12-13,172.6,34.52,138.07999999999998,3,No
TXN_00986,4054,2024-03-15,119.4,0.0,119.4,1,No
TXN_00987,4056,2024-05-01,330.18,0.0,330.18,2,Yes
TXN_00988,4057,2024-09-16,212.35,42.47,169.88,4,No
TXN_00989,4058,2024-10-13,197.48,26.33,171.15,2,Yes
TXN_00990,4061,2024-06-25,254.68,50.94,203.74,1,No
TXN_00991,4062,2024-04-10,188.83,28.32,160.51000000000002,5,No
TXN_00992,4066,2024-02-05,87.96,0.0,87.96,4,No
TXN_00993,4069,2024-12-07,285.18,19.01,266.17,4,Yes
TXN_00994,4072,2024-12-20,222.35,22.23,200.12,5,No
TXN_00995,4073,2024-08-27,414.86,69.14,345.72,1,Yes
TXN_00996,4075,2024-12-20,182.65,18.27,164.38,2,No
TXN_00997,4083,2024-06-17,139.19,0.0,139.19,1,Yes
TXN_00998,4085,2024-02-23,68.36,13.67,54.69,2,No
TXN_00999,4091,2024-11-23,258.6,0.0,258.6,1,No
TXN_01000,4094,2024-04-27,164.01,0.0,164.01,3,Yes
TXN_01001,4126,2024-04-22,45.1,4.51,40.59,1,No
TXN_01002,4136,2024-05-14,243.57,60.89,182.68,1,No
TXN_01003,4137,2024-02-21,270.62,0.0,270.62,4,No
TXN_01004,4138,2024-01-11,261.07,65.27,195.8,5,No
TXN_01005,4143,2024-02-26,227.72,0.0,227.72,1,No
TXN_01006,4144,2024-06-22,94.73,0.0,94.73,2,No
TXN_01007,4164,2024-07-12,82.89,8.29,74.6,4,Yes
TXN_01008,4166,2024-07-10,390.69,0.0,390.69,3,Yes
TXN_01009,4167,2024-06-11,183.97,45.99,137.98,4,No
TXN_01010,4169,2024-08-07,163.39,40.85,122.53999999999999,4,No
TXN_01011,4182,2024-11-18,320.76,21.38,299.38,4,Yes
TXN_01012,4183,2024-05-23,240.46,60.12,180.34,1,No
TXN_01013,4185,2024-09-17,265.16,0.0,265.16,2,No
TXN_01014,4187,2024-09-07,118.11,29.53,88.58,1,No
TXN_01015,4191,2024-12-05,46.72,11.68,35.04,5,No
TXN_01016,4195,2024-09-17,79.94,13.32,66.62,5,Yes
TXN_01017,4199,2024-07-10,273.74,68.44,205.3,4,No
TXN_01018,4200,2024-09-12,210.94,0.0,210.94,4,Yes
TXN_01019,4201,2024-09-22,359.46,0.0,359.46,2,Yes
TXN_01020,4202,2024-08-25,334.29,0.0,334.29,4,Yes
TXN_01021,4203,2024-04-01,109.14,0.0,109.14,5,No
TXN_01022,4210,2024-09-10,196.7,49.17,147.52999999999997,2,No
TXN_01023,4213,2024-10-24,160.5,10.7,149.8,1,Yes
TXN_01024,4216,2024-10-25,104.81,13.97,90.84,1,Yes
TXN_01025,4220,2024-04-22,45.67,0.0,45.67,5,No
TXN_01026,4224,2024-07-21,185.06,12.34,172.72,1,Yes
TXN_01027,4225,2024-04-21,136.4,0.0,136.4,3,No
TXN_01028,4229,2024-10-19,131.34,0.0,131.34,1,No
TXN_01029,4231,2024-07-10,97.22,24.3,72.92,2,No
TXN_01030,4233,2024-10-08,83.11,0.0,83.11,3,No
TXN_01031,4235,2024-03-09,82.57,8.26,74.31,4,Yes
TXN_01032,4237,2024-05-31,194.12,38.82,155.3,3,No
TXN_01033,4239,2024-09-22,214.67,28.62,186.05,1,Yes
TXN_01034,4243,2024-01-22,111.03,11.1,99.93,5,No
TXN_01035,4245,2024-09-19,164.28,0.0,164.28,2,Yes
TXN_01036,4250,2024-08-27,192.13,0.0,192.13,3,Yes
TXN_01037,4254,2024-09-11,247.02,0.0,247.02,1,No
TXN_01038,4259,2024-04-01,119.22,0.0,119.22,3,No
TXN_01039,4260,2024-08-14,97.03,9.7,87.33,5,No
TXN_01040,4262,2024-05-15,215.21,43.04,172.17000000000002,4,No
TXN_01041,4269,2024-09-19,190.56,47.64,142.92000000000002,3,No
TXN_01042,4271,2024-11-25,340.89,0.0,340.89,5,Yes
TXN_01043,4276,2024-03-01,284.59,0.0,284.59,3,Yes
TXN_01044,4277,2024-02-06,184.69,12.31,172.38,5,Yes
TXN_01045,4282,2024-06-19,184.57,0.0,184.57,3,Yes
TXN_01046,4284,2024-12-11,80.72,8.07,72.65,3,Yes
TXN_01047,4286,2024-05-08,127.26,25.45,101.81,5,No
TXN_01048,4287,2024-06-03,75.98,0.0,75.98,2,No
TXN_01049,4290,2024-04-07,226.5,45.3,181.2,1,No
TXN_01050,4304,2024-01-07,167.58,11.17,156.41,4,Yes
TXN_01051,4305,2024-08-29,156.73,39.18,117.54999999999998,5,No
TXN_01052,4306,2024-11-30,363.93,0.0,363.93,5,Yes
TXN_01053,4317,2024-10-09,207.34,31.1,176.24,4,No
TXN_01054,4318,2024-08-27,217.56,54.39,163.17000000000002,4,No
TXN_01055,4323,2024-04-06,211.84,0.0,211.84,3,Yes
TXN_01056,4324,2024-08-07,243.72,16.25,227.47,3,Yes
TXN_01057,4327,2024-04-17,297.36,0.0,297.36,5,Yes
TXN_01058,4334,2024-10-22,228.78,22.88,205.9,2,No
TXN_01059,4342,2024-04-25,145.37,29.07,116.30000000000001,5,No
TXN_01060,4346,2024-07-25,108.89,0.0,108.89,4,No
TXN_01061,4347,2024-12-19,200.58,0.0,200.58,1,No
TXN_01062,4348,2024-10-02,156.59,0.0,156.59,3,No
TXN_01063,4349,2024-06-02,158.07,31.61,126.46,2,No
TXN_01064,4353,2024-10-17,79.39,0.0,79.39,2,No
TXN_01065,4356,2024-03-19,251.06,0.0,251.06,1,Yes
TXN_01066,4362,2024-10-20,75.79,7.58,68.21000000000001,2,No
TXN_01067,4363,2024-07-19,309.75,41.3,268.45,2,Yes
TXN_01068,4364,2024-07-14,140.98,14.1,126.88,4,No
TXN_01069,4375,2024-08-19,122.15,0.0,122.15,3,Yes
TXN_01070,4377,2024-06-04,112.09,0.0,112.09,4,Yes
TXN_01071,4381,2024-12-11,105.64,0.0,105.64,1,No
TXN_01072,4384,2024-01-17,167.08,16.71,150.37,1,No
TXN_01073,4386,2024-11-04,158.8,23.82,134.98000000000002,5,No
TXN_01074,4389,2024-04-05,220.35,22.04,198.31,2,No
TXN_01075,4392,2024-07-16,62.7,0.0,62.7,1,No
TXN_01076,4394,2024-04-15,318.13,0.0,318.13,1,Yes
TXN_01077,4401,2024-01-30,335.59,22.37,313.22,4,Yes
TXN_01078,4406,2024-06-16,46.88,0.0,46.88,1,No
TXN_01079,4412,2024-10-01,127.18,25.44,101.74000000000001,3,No
TXN_01080,4418,2024-03-07,208.94,0.0,208.94,4,No
TXN_01081,4421,2024-08-09,128.9,0.0,128.9,2,No
TXN_01082,4425,2024-03-22,167.69,0.0,167.69,5,No
TXN_01083,4426,2024-11-05,94.35,14.15,80.19999999999999,2,No
TXN_01084,4431,2024-09-14,248.07,16.54,231.53,3,Yes
TXN_01085,4440,2024-07-23,133.12,0.0,133.12,3,Yes
TXN_01086,4441,2024-11-05,249.72,16.65,233.07,5,Yes
TXN_01087,4449,2024-10-21,357.63,0.0,357.63,5,Yes
TXN_01088,4453,2024-11-26,183.05,30.51,152.54,3,Yes
TXN_01089,4454,2024-08-21,276.3,69.08,207.22000000000003,5,No
TXN_01090,4455,2024-06-26,201.84,0.0,201.84,1,Yes
TXN_01091,4458,2024-06-01,210.54,0.0,210.54,1,Yes
TXN_01092,4460,2024-11-09,45.27,0.0,45.27,2,No
TXN_01093,4463,2024-05-07,69.5,10.42,59.08,5,No
TXN_01094,4465,2024-11-12,96.23,14.43,81.80000000000001,1,No
TXN_01095,4467,2024-08-22,240.34,0.0,240.34,3,Yes
TXN_01096,4469,2024-12-03,143.51,28.7,114.80999999999999,3,No
TXN_01097,4487,2024-09-09,252.91,0.0,252.91,1,No
TXN_01098,4496,2024-07-28,160.62,0.0,160.62,5,Yes
TXN_01099,4500,2024-04-16,184.21,27.63,156.58,5,No
TXN_01100,4504,2024-01-14,155.46,20.73,134.73,2,Yes
TXN_01101,4508,2024-12-11,69.86,6.99,62.87,1,No
TXN_01102,4526,2024-02-04,299.2,0.0,299.2,2,Yes
TXN_01103,4528,2024-10-07,73.94,11.09,62.849999999999994,3,No
TXN_01104,4531,2024-12-31,66.19,0.0,66.19,2,No
TXN_01105,4544,2024-09-30,153.03,15.3,137.73,3,No
TXN_01106,4546,2024-03-27,352.89,58.81,294.08,3,Yes
TXN_01107,4547,2024-02-09,103.39,0.0,103.39,3,No
TXN_01108,4548,2024-12-09,83.62,20.91,62.71000000000001,4,No
TXN_01109,4555,2024-04-01,128.96,0.0,128.96,2,No
TXN_01110,4556,2024-04-20,173.31,17.33,155.98,5,Yes
TXN_01111,4558,2024-01-18,287.12,38.28,248.84,4,Yes
TXN_01112,4561,2024-04-20,122.06,18.31,103.75,2,No
TXN_01113,4563,2024-12-22,249.7,16.65,233.05,4,Yes
TXN_01114,4567,2024-11-24,76.08,0.0,76.08,2,No
TXN_01115,4568,2024-12-05,80.13,0.0,80.13,2,No
TXN_01116,4569,2024-12-03,63.94,15.98,47.959999999999994,1,No
TXN_01117,4572,2024-12-19,174.02,34.8,139.22000000000003,5,No
TXN_01118,4575,2024-01-27,115.31,23.06,92.25,1,No
TXN_01119,4578,2024-01-25,201.38,30.21,171.17,2,No
TXN_01120,4591,2024-04-08,140.56,28.11,112.45,5,No
TXN_01121,4598,2024-03-26,95.4,0.0,95.4,4,Yes
TXN_01122,4599,2024-03-26,254.92,38.24,216.67999999999998,2,No
TXN_01123,4600,2024-01-23,121.74,0.0,121.74,3,No
TXN_01124,4601,2024-07-31,134.3,0.0,134.3,3,No
TXN_01125,4603,2024-02-25,132.29,0.0,132.29,5,No
TXN_01126,4615,2024-04-28,104.82,15.72,89.1,2,No
TXN_01127,4616,2024-04-19,71.71,10.76,60.949999999999996,1,No
TXN_01128,4619,2024-06-14,124.83,24.97,99.86,2,No
TXN_01129,4621,2024-01-08,263.14,26.31,236.83,4,Yes
TXN_01130,4622,2024-07-24,179.58,17.96,161.62,2,No
TXN_01131,4624,2024-06-10,167.73,16.77,150.95999999999998,4,No
TXN_01132,4625,2024-01-07,273.97,41.1,232.87000000000003,4,No
TXN_01133,4626,2024-07-18,217.86,21.79,196.07000000000002,1,No
TXN_01134,4628,2024-08-22,390.69,0.0,390.69,4,Yes
TXN_01135,4637,2024-02-04,135.74,0.0,135.74,5,No
TXN_01136,4645,2024-10-01,221.13,0.0,221.13,1,No
TXN_01137,4647,2024-03-28,254.02,50.8,203.22000000000003,4,No
TXN_01138,4648,2024-05-08,58.45,14.61,43.84,4,No
TXN_01139,4653,2024-12-22,276.62,41.49,235.13,1,No
TXN_01140,4659,2024-03-30,277.56,0.0,277.56,4,No
TXN_01141,4661,2024-12-18,324.72,21.65,303.07,3,Yes
TXN_01142,4662,2024-06-11,199.96,0.0,199.96,1,No
TXN_01143,4663,2024-12-07,264.26,0.0,264.26,1,No
TXN_01144,4666,2024-06-20,252.01,0.0,252.01,5,Yes
TXN_01145,4667,2024-01-10,237.68,47.54,190.14000000000001,5,No
TXN_01146,4669,2024-10-26,191.89,38.38,153.51,5,No
TXN_01147,4673,2024-11-23,58.06,14.52,43.540000000000006,2,No
TXN_01148,4674,2024-04-29,165.5,0.0,165.5,3,No
TXN_01149,4677,2024-12-26,143.64,0.0,143.64,2,No
TXN_01150,4678,2024-01-07,120.99,16.13,104.86,2,Yes
TXN_01151,4686,2024-05-04,51.07,0.0,51.07,1,No
TXN_01152,4690,2024-03-11,175.19,43.8,131.39,3,No
TXN_01153,4696,2024-07-11,330.51,0.0,330.51,3,Yes
TXN_01154,4700,2024-05-01,223.85,33.58,190.26999999999998,4,No
TXN_01155,4702,2024-08-15,265.16,66.29,198.87,2,No
TXN_01156,4707,2024-11-25,162.86,0.0,162.86,1,No
TXN_01157,4718,2024-04-15,166.2,41.55,124.64999999999999,4,No
TXN_01158,4719,2024-10-03,192.59,0.0,192.59,4,No
TXN_01159,4731,2024-08-14,125.0,12.5,112.5,4,No
TXN_01160,4733,2024-01-04,220.48,0.0,220.48,1,No
TXN_01161,4741,2024-04-14,176.48,0.0,176.48,5,No
TXN_01162,4745,2024-10-30,57.56,0.0,57.56,2,No
TXN_01163,4746,2024-10-08,128.39,12.84,115.54999999999998,3,No
TXN_01164,4748,2024-04-30,137.75,0.0,137.75,3,No
TXN_01165,4750,2024-02-10,92.58,0.0,92.58,3,No
TXN_01166,4755,2024-04-11,242.79,48.56,194.23,3,No
TXN_01167,4761,2024-06-04,54.32,10.86,43.46,3,No
TXN_01168,4764,2024-08-17,275.59,41.34,234.24999999999997,5,No
TXN_01169,4765,2024-11-21,130.69,32.67,98.02,3,No
TXN_01170,4783,2024-07-14,45.76,4.58,41.18,5,No
TXN_01171,4799,2024-10-14,129.24,0.0,129.24,3,No
TXN_01172,4800,2024-11-06,157.17,20.96,136.21,2,Yes
TXN_01173,4808,2024-04-07,214.57,0.0,214.57,1,No
TXN_01174,4810,2024-01-07,134.59,0.0,134.59,2,Yes
TXN_01175,4816,2024-07-21,249.62,24.96,224.66,3,No
TXN_01176,4819,2024-09-07,46.65,7.0,39.65,2,No
TXN_01177,4823,2024-02-06,175.63,17.56,158.07,5,No
TXN_01178,4824,2024-07-28,277.34,41.6,235.73999999999998,4,No
TXN_01179,4828,2024-10-16,397.71,66.28,331.43,4,Yes
TXN_01180,4831,2024-08-11,217.17,0.0,217.17,4,Yes
TXN_01181,4835,2024-12-29,150.67,22.6,128.07,1,No
TXN_01182,4837,2024-11-21,79.94,19.98,59.959999999999994,4,No
TXN_01183,4838,2024-12-18,195.72,0.0,195.72,2,No
TXN_01184,4839,2024-07-07,224.31,0.0,224.31,5,No
TXN_01185,4842,2024-11-29,61.66,6.17,55.489999999999995,3,No
TXN_01186,4845,2024-05-06,123.21,30.8,92.41,5,No
TXN_01187,4846,2024-05-04,218.24,54.56,163.68,1,No
TXN_01188,4849,2024-07-04,143.55,0.0,143.55,3,No
TXN_01189,4852,2024-12-12,314.61,20.97,293.64,2,Yes
TXN_01190,4855,2024-12-06,234.43,35.16,199.27,3,No
TXN_01191,4856,2024-11-26,91.22,0.0,91.22,1,No
TXN_01192,4869,2024-01-07,305.1,20.34,284.76,4,Yes
TXN_01193,4870,2024-02-29,105.51,14.07,91.44,1,Yes
TXN_01194,4875,2024-07-22,224.6,44.92,179.68,3,No
TXN_01195,4880,2024-04-06,281.55,0.0,281.55,4,Yes
TXN_01196,4881,2024-08-04,64.43,0.0,64.43,2,No
TXN_01197,4882,2024-03-25,366.98,24.47,342.51,5,Yes
TXN_01198,4885,2024-12-20,176.62,44.16,132.46,5,No
TXN_01199,4889,2024-12-03,214.94,32.24,182.7,2,No
TXN_01200,4894,2024-02-15,172.93,0.0,172.93,1,No
TXN_01201,4896,2024-11-21,237.29,35.59,201.7,4,No
TXN_01202,4898,2024-06-25,246.16,49.23,196.93,1,No
TXN_01203,4906,2024-03-27,204.69,0.0,204.69,3,No
TXN_01204,4907,2024-09-08,229.32,34.4,194.92,1,No
TXN_01205,4908,2024-01-01,194.93,38.99,155.94,2,No
TXN_01206,4914,2024-08-01,245.73,36.86,208.87,4,No
TXN_01207,4917,2024-08-08,97.77,24.44,73.33,3,No
TXN_01208,4919,2024-03-31,124.0,24.8,99.2,2,No
TXN_01209,4921,2024-04-05,195.53,0.0,195.53,5,No
TXN_01210,4923,2024-03-09,208.76,31.31,177.45,1,No
TXN_01211,4925,2024-09-06,282.99,0.0,282.99,2,Yes
TXN_01212,4927,2024-09-14,57.66,11.53,46.129999999999995,4,No
TXN_01213,4935,2024-04-03,74.72,0.0,74.72,1,Yes
TXN_01214,4939,2024-08-13,170.7,0.0,170.7,1,No
TXN_01215,4941,2024-11-15,211.39,0.0,211.39,1,No
TXN_01216,4942,2024-02-25,161.72,0.0,161.72,3,No
TXN_01217,4946,2024-05-30,405.9,67.65,338.25,3,Yes
TXN_01218,4947,2024-02-13,202.19,0.0,202.19,3,No
TXN_01219,4951,2024-02-02,107.35,0.0,107.35,4,No
TXN_01220,4955,2024-04-30,196.2,13.08,183.12,2,Yes
TXN_01221,4961,2024-02-01,99.61,13.28,86.33,3,Yes
TXN_01222,4969,2024-09-24,70.35,0.0,70.35,2,No
TXN_01223,4972,2024-11-04,412.89,41.29,371.6,5,Yes
TXN_01224,4973,2024-09-23,96.72,24.18,72.53999999999999,3,No
TXN_01225,4975,2024-09-05,96.71,0.0,96.71,5,No
TXN_01226,4976,2024-08-30,338.08,56.35,281.73,1,Yes
TXN_01227,4977,2024-06-21,56.91,0.0,56.91,2,No
TXN_01228,4979,2024-08-07,149.91,19.99,129.92,2,Yes
TXN_01229,4980,2024-06-21,190.33,19.03,171.3,5,No
TXN_01230,4981,2024-07-08,328.62,0.0,328.62,1,Yes
TXN_01231,4985,2024-05-02,149.72,0.0,149.72,3,No
TXN_01232,4993,2024-06-18,149.73,37.43,112.29999999999998,3,No
TXN_01233,4998,2024-07-24,318.98,0.0,318.98,5,Yes
TXN_01234,4999,2024-03-12,330.5,44.07,286.43,4,Yes
